X Location,Y Location,Z Location
0.10781845782240211,0.0747409764896094,0.140462
0.10756934280196487,0.07773061554919378,0.140462
0.10732022778152762,0.08072025460877816,0.140462
0.10707111276109037,0.08370989366836253,0.140462
0.10682199774065312,0.0866995327279469,0.140462
0.10657288272021587,0.08968917178753127,0.140462
