X Location,Y Location,Z Location
0.09404933975147109,0.06887764083507643,0.1611715126407982
0.09390509365370897,0.07187232087138411,0.1612767957990938
0.09376084755594684,0.07486700090769176,0.16138207895738937
0.09361660145818472,0.07786168094399944,0.16148736211568493
0.09347235536042259,0.0808563609803071,0.1615926452739805
0.09332810926266047,0.08385104101661478,0.1616979284322761
0.09318386316489834,0.08684572105292244,0.16180321159057168
0.09303961706713622,0.08984040108923011,0.16190849474886726
