X Location,Y Location,Z Location
0.07131982063268215,0.06663073285480349,0.15875
0.06994266679132277,0.06929596216899564,0.15875
0.06856551294996338,0.07196119148318778,0.15875
0.067188359108604,0.07462642079737992,0.15875
0.06581120526724463,0.07729165011157206,0.15875
