X Location,Y Location,Z Location
[-0.100845 -0.00229 -0.04065],
[-0.11370 -0.0746 -0.10723]

