X Location,Y Location,Z Location
-0.09101331813017009,-0.014137260757290784,-0.05333999999999999
-0.09118386973840457,-0.011142112655956118,-0.05333999999999999
-0.09135442134663906,-0.008146964554621453,-0.05333999999999999
-0.09152497295487354,-0.005151816453286814,-0.05333999999999999
-0.09169552456310802,-0.0021566683519521485,-0.05333999999999999
-0.0918660761713425,0.0008384797493825175,-0.05333999999999999
-0.09203662777957698,0.0038336278507171834,-0.05333999999999999
-0.09220717938781146,0.006828775952051849,-0.05333999999999999
-0.09237773099604593,0.009823924053386501,-0.05333999999999999
