X Location,Y Location,Z Location
-0.17170729379491395,-0.03333065798571437,-0.05333999999999999
-0.17417681884220831,-0.03162729482984135,-0.05333999999999999
-0.17664634388950273,-0.02992393167396834,-0.05333999999999999
-0.1791158689367971,-0.028220568518095318,-0.05333999999999999
-0.18158539398409146,-0.026517205362222324,-0.05333999999999999
-0.18405491903138585,-0.0248138422063493,-0.05333999999999999
-0.16923776874761956,-0.03503402114158738,-0.05333999999999999
