X Location,Y Location,Z Location
[-0.126278 -0.009367 -0.02565],
[-0.08497,-0.04466,-0.11723]