X Location,Y Location,Z Location
-0.09011600718006024,-0.008864365125760193,-0.049760372617950445
-0.09049541915594436,-0.005890317041223753,-0.04965508945965487
-0.09087483113182848,-0.0029162689566872846,-0.0495498063013593
-0.09125424310771262,5.777912784918349e-05,-0.049444523143063725
-0.09163365508359674,0.0030318272123856516,-0.04933923998476815
-0.09201306705948087,0.00600587529692212,-0.04923395682647257
