X Location,Y Location,Z Location
0.10228587870129373,0.07483852371821588,0.15875
0.10248263384934549,0.07783206466694452,0.15875
0.10267938899739723,0.08082560561567315,0.15875
