X Location,Y Location,Z Location
0.10102654311342471,0.07184498276948725,0.15875
0.10082978796537297,0.07483852371821588,0.15875
0.10063303281732122,0.07783206466694452,0.15875
0.10043627766926946,0.08082560561567315,0.15875
0.10023952252121772,0.08381914656440179,0.15875
0.10004276737316598,0.08681268751313043,0.15875
0.09984601222511422,0.08980622846185905,0.15875
