X Location,Y Location,Z Location
-0.08815056378523609,-0.005560783337470038,-0.05333999999999999
-0.08891644981630746,-0.0026601939857330836,-0.05333999999999999
-0.08968233584737884,0.00024039536600385658,-0.05333999999999999
-0.09044822187845021,0.003140984717740797,-0.05333999999999999
-0.09121410790952159,0.006041574069477737,-0.05333999999999999
-0.09197999394059295,0.008942163421214677,-0.05333999999999999
-0.09274587997166434,0.011842752772951617,-0.05333999999999999
