Width,Depth,Length
0.1163245222434616,0.08077602297426224,0.08559800000000001
0.11610157862284906,0.08376772752886455,0.08559800000000001
0.11587863500223652,0.08675943208346687,0.08559800000000001
0.11565569138162399,0.08975113663806916,0.08559800000000001
0.11543274776101146,0.09274284119267147,0.08559800000000001
0.11520980414039893,0.09573454574727377,0.08559800000000001
0.11498686051978639,0.09872625030187608,0.08559800000000001
