X Location,Y Location,Z Location
-0.12913991458402643,-0.01700131839619147,-0.05107606342486783
-0.1249822673940717,-0.0213260012614849,-0.05118136280045538
-0.12706109098904908,-0.019163659828838178,-0.0511287131126616
