X Location,Y Location,Z Location
-0.10764245144558893,-0.012652769197144323,-0.039006001755655426
-0.10827350243927242,-0.00987193403134845,-0.03807394466295986
-0.10890455343295591,-0.007091098865552564,-0.0371418875702643
-0.1095356044266394,-0.004310263699756692,-0.03620983047756874
-0.10701140045190544,-0.015433604362940195,-0.03993805884835098
