X Location,Y Location,Z Location
0.06731249914384309,0.06211060278476829,0.140462
0.06469906428678597,0.06751152476605247,0.140462
0.06339234685825741,0.07021198575669459,0.140462
0.06208562942972884,0.07291244674733668,0.140462
0.06077891200120028,0.07561290773797878,0.140462
0.05947219457267172,0.07831336872862088,0.140462
0.06600578171531453,0.06481106377541039,0.140462
