X Location,Y Location,Z Location
-0.10180609188062986,-0.011957176794145763,-0.039485395231687
-0.10179309466489138,-0.008986727606089567,-0.039065558723556305
-0.10178009744915288,-0.0060162784180333995,-0.038645722215425615
-0.1017671002334144,-0.003045829229977204,-0.03822588570729492
-0.1017541030176759,-7.538004192100822e-05,-0.03780604919916422
