X Location,Y Location,Z Location
-0.10714218016170195,-0.0076110381942528504,-0.0363514768182865
-0.10797346294397145,-0.004767400366315427,-0.035879573396572245
